PC,O,H,L,C
595.1,596,696,596,664
"1,158.85","1,162.40","1,284.00","1,152.00","1,251.00"
524.35,524.05,574.7,524.05,560.3
92.6,92.1,100.5,92.1,94.7
"2,030.40","2,050.00","2,225.00","2,046.00","2,218.00"
420.65,421.35,455.65,421.35,454.85
153.5,152.75,164.3,152.75,157.7
263.75,265,285,262.85,278.25
351.55,350.55,376.35,350,365
"1,254.30","1,262.80","1,354.00","1,235.10","1,337.00"
191.15,196,210,195.25,205.55
203.45,201.9,216.25,201.6,215.5
350.95,355,379.1,349.55,370
"4,403.95","4,382.00","4,676.10","4,352.00","4,448.00"
83.55,84.35,90,82.1,88.75
294.8,296,315.8,291.6,311.2
361.55,362,385.7,360.05,380
62.55,65.5,69.7,64.05,67.8
"1,170.50","1,170.00","1,245.00","1,167.90","1,229.00"
313.95,316.95,337,313.8,323.6
393.05,396,420.55,392.1,411.2
886.95,888,939.85,879,880.2
"6,487.65","6,517.65","6,888.00","6,500.00","6,840.00"
658.8,664.8,702.2,642,654
"1,600.00","1,609.00","1,698.50","1,605.70","1,647.55"
"1,788.10","1,800.00","1,899.80","1,790.00","1,872.00"
"1,114.65","1,115.00","1,175.90","1,097.25","1,175.00"
178.4,177.15,186.8,176.05,181.5
"1,397.50","1,404.70","1,480.80","1,400.05","1,480.80"
59.75,60.1,63.35,59.2,63.25
181.65,183,192.6,180.5,188.35
163.85,165.45,174,164.45,171.7
123.5,123,129.35,123,128.25
897.6,898,943.8,898,937.5
551.85,554.8,582.8,554.05,582
325.9,323.8,340,323.8,329.9
61.05,61,63.95,59.9,62.1
"12,365.00","12,450.10","13,050.00","12,401.00","12,800.00"
301.7,301,315.5,300.3,302
783.5,791,827.85,780.35,804
"1,391.00","1,390.15","1,454.80","1,390.15","1,452.00"
363.8,367.9,385,354.45,376
628.2,626.05,654.9,625.05,653
701.65,705,737.25,702.7,713.4
488.1,488.1,510.4,481.4,507
20.75,20.9,21.85,20.55,20.75
199.7,198.5,207.45,198.1,204.4
550.35,550.35,574.8,546.3,572
476.45,474,495,473,484.55
544.35,547.75,571.95,540.4,554
742.95,741.75,774.5,739.15,774.2
409.2,426.9,445.65,421.45,444.65
778.75,785.15,818.85,772.6,776.4
359.25,359.25,374.5,353.85,360.1
630.65,633.05,659.7,632.1,653
"1,155.35","1,157.15","1,205.00","1,147.85","1,193.00"
298.7,298.75,311,298.45,310
181.05,180.15,187.5,180.15,186.35
530.3,530.15,551.45,527.5,550
490.4,484,503.35,466.8,500.9
500,496.1,515.9,496.1,510.1
312.6,310.15,322.5,308.85,321
301.7,303,315,303,312.05
"1,184.85","1,171.00","1,217.00","1,163.30","1,169.00"
163.45,163.4,169.8,162.2,169.5
802.3,804.9,836.4,800,823.5
158.6,158.8,165,157.35,159.95
"4,347.50","4,310.00","4,475.00","4,310.00","4,408.00"
"1,732.70","1,732.00","1,797.80","1,726.65","1,756.60"
128.55,129,133.9,128.7,129
160.1,162.15,168.3,161.1,163.5
539.9,544.75,565.4,540,561.15
32.2,32.2,33.4,32,32.7
421.9,423,438.7,412.2,414
"1,426.00","1,420.05","1,472.65","1,407.00","1,459.50"
662.45,663.5,687.8,660,669.4
518.95,528.9,548,522.05,544
"1,333.85","1,327.05","1,374.90","1,292.10","1,355.75"
385.9,385.15,399,385.15,398.5
174.9,175.95,182.25,174.2,179.7
825.3,825.5,855,805,809
900.05,898,929.8,897.2,918
21.3,21.4,22.15,21.2,22
"1,711.85","1,706.00","1,765.25","1,689.10","1,760.90"
476.9,476.15,492.65,470.2,489.25
"2,638.50","2,649.00","2,740.00","2,649.00","2,735.00"
803.3,799.6,827,793.3,800
563.3,559,578,547,575.7
528.45,530,548,530,544
800.2,802,829,785,828
58,59.5,61.5,58.65,59.6
"1,553.25","1,567.65","1,620.00","1,545.00","1,615.00"
496.65,493,509.25,488,507
508.85,512,528.85,509.75,522.8
166.55,166.25,171.7,162.25,171
"1,459.20","1,467.00","1,514.90","1,465.00","1,511.55"
492.5,488,503.75,483.95,495.15
"1,091.25","1,087.00","1,122.00","1,086.20","1,107.00"
"6,797.60","6,772.60","6,990.00","6,772.60","6,955.20"
497.8,501.8,517.55,501,513
489.95,492.7,507.8,482.15,496.1
"1,562.70","1,571.00","1,618.85","1,556.90","1,605.35"
307.15,308.65,318,305.55,308.9
"2,197.35","2,163.00","2,228.00","2,130.00","2,187.55"
499.55,500,515,482.6,511
802.75,805.9,830,805,824
"1,077.00","1,078.00","1,110.00","1,078.00","1,097.00"
310.9,311,320.1,307.5,314.8
33,32.5,33.45,32.25,32.45
299.6,301.2,310,297,297.75
32.7,32.8,33.75,32.25,33.4
20.7,20.8,21.4,20.45,21.35
"1,787.20","1,798.30","1,850.00","1,790.35","1,847.00"
"1,028.60","1,029.00","1,058.50","1,029.00","1,044.00"
151.85,152.95,157.3,150.2,154.05
492.95,493.05,507,490.5,506.9
583.3,580,596.35,576.1,585
453.7,458,470.9,455.5,470
275.95,278.65,286.45,277.1,280.95
684.9,685,704,677.7,678
474.75,479.7,493,479.5,487
497.6,498,511.8,496.4,506.9
574.7,576.4,592.35,573,589.55
580.2,582,598,581.95,590
"1,150.30","1,157.45","1,189.00","1,152.25","1,182.00"
208,209.3,215,205.65,214.1
"23,761.75","23,055.00","23,680.05","23,055.00","23,450.00"
"1,001.15","1,005.90","1,033.00","1,004.95","1,030.00"
33.3,33.6,34.5,32.75,32.75
268.1,269.8,277,265.15,269.5
509.35,506.1,519.55,496.1,512.25
448.1,457,469,445.15,450.15
"1,610.60","1,608.00","1,650.00","1,603.25","1,634.05"
"2,590.95","2,501.95","2,567.00","2,479.65","2,543.90"
533.5,534,547.75,534,544.5
312.1,313,321,311.55,315
505.15,505,517.85,503.15,514
"1,298.15","1,300.10","1,333.00","1,300.10","1,332.95"
458.7,457.25,468.8,443.55,445
210.6,209.9,215.2,208.5,212
359.05,359.05,368.05,358.15,359
"1,038.65","1,038.00","1,064.00","1,038.00","1,045.00"
188.15,189.7,194.4,188.35,188.95
268.95,269.25,275.9,265.5,269
"4,472.90","4,351.00","4,457.95","4,351.00","4,391.00"
557,557.05,570.65,550,552
433.35,433.35,443.9,428.5,439.7
"1,738.90","1,740.55","1,782.65","1,703.95","1,710.55"
129.15,129.2,132.3,128.6,130.9
586.4,585.85,599.85,585,598
307.55,308.7,316,308.5,314
506.85,509.1,521.1,500.25,507
"14,171.50","14,248.15","14,580.00","14,155.00","14,465.05"
314.35,312.05,319.3,311.4,318.75
"1,554.60","1,554.05","1,590.00","1,545.55","1,575.00"
"1,218.05","1,214.00","1,242.05","1,165.00","1,180.00"
396.7,402.9,412.2,395.65,396.25
353.45,353.8,361.95,353.45,358.65
307.35,305,312,302.1,306.2
"1,764.05","1,765.00","1,805.50","1,761.55","1,784.50"
681.75,682,697.6,682,692
522.9,515.3,526.95,512,517.5
95.1,95.1,97.25,90,92.5
"1,146.30","1,154.00","1,180.00","1,150.00","1,151.05"
"1,489.55","1,494.00","1,527.65","1,491.55","1,526.50"
"2,605.00","2,602.00","2,660.00","2,579.80","2,624.00"
658.3,651,665.5,651,661
245.7,247.15,252.65,246.65,247.5
"2,028.35","2,022.10","2,066.95","2,022.10","2,057.90"
648,648,662.35,648,657.95
"1,590.90","1,580.10","1,614.80","1,559.10","1,590.20"
"1,357.00","1,350.50","1,380.00","1,335.10","1,375.00"
908.25,910.1,929.9,895,925.9
453.9,454,463.85,449.5,451.8
951.6,957.4,977.95,937.85,961.1
561.9,560.95,572.95,560.45,565
"4,402.85","4,400.00","4,493.95","4,384.05","4,450.00"
"1,591.05","1,591.05","1,625.00","1,591.05","1,599.00"
"1,413.10","1,410.00","1,439.95","1,392.00","1,425.00"
193.75,193.8,197.9,193.05,193.25
307.05,308.5,315,303.1,315
130.85,131,133.75,130,130.8
"8,837.00","8,840.00","9,025.00","8,825.15","9,017.70"
557.15,557.15,568.8,550.95,560
371.05,362.25,369.75,356.1,358.3
399.75,402.45,410.75,401.1,403.15
505.5,509.55,520,508,518.1
384.75,387,394.9,382,384
533.85,537,547.95,531.05,544.3
497,490.8,500.8,487.5,497
"8,693.90","8,693.90","8,870.70","8,658.20","8,810.00"
"12,557.15","12,549.95","12,805.00","12,501.00","12,758.65"
652,641,654,628.1,640
"1,101.75","1,102.05","1,124.40","1,070.00","1,122.45"
"1,682.75","1,684.00","1,718.00","1,666.15","1,716.95"
"1,143.50","1,145.00","1,167.95","1,139.00","1,152.00"
296.15,295.6,301.5,294.65,300
"1,760.10","1,765.00","1,800.00","1,741.15","1,785.50"
948.2,953.85,972.7,948.2,970.15
541.7,544.2,554.9,544.2,553
203.7,204,208,204,204.25
"6,893.80","6,890.00","7,025.00","6,821.55","6,999.95"
"1,733.35","1,735.00","1,768.90","1,726.00","1,765.00"
524.05,524.75,535,516.25,525.7
917.8,918,935.85,891.05,896.45
769.55,770,784.95,753,760.6
544.35,541,551.5,540.05,544.9
466.95,467,476,465.3,475
20.7,20.8,21.2,20.5,20.85
"1,018.50","1,020.00","1,039.40","1,013.20","1,036.00"
"1,150.45","1,150.50","1,172.35","1,148.05","1,150.00"
363.1,358.2,365,358.2,360.5
524.75,524.75,534.7,522,524
"2,631.70","2,639.00","2,689.00","2,500.00","2,510.00"
125.85,127.5,129.9,126.35,129.3
"2,058.25","2,071.05","2,110.00","2,055.00","2,099.90"
186,184.55,188,184,184.25
"1,784.25","1,785.00","1,818.00","1,773.80","1,814.80"
"8,733.30","8,737.60","8,898.50","8,675.00","8,690.00"
804.3,800.3,815,793,798
"1,159.70","1,166.90","1,188.30","1,132.20","1,143.00"
558.95,564.55,574.9,560.05,563.5
545.6,545.05,555,545,548.9
816.4,812.9,827.7,810,815.5
"2,058.35","2,062.55","2,099.90","2,055.85","2,090.00"
552,555,565,545.2,561
"1,151.45","1,155.00","1,175.75","1,140.05","1,154.00"
"4,424.75","4,450.05","4,529.95","4,430.45","4,445.00"
"1,579.00","1,570.00","1,597.95","1,506.00","1,543.20"
562.95,562,572,562,562.7
"21,486.35","21,615.00","21,999.45","21,301.50","21,851.55"
"1,537.60","1,542.10","1,569.50","1,537.60","1,548.05"
417.9,419.75,427.2,418.05,421.9
395.9,395.95,402.9,393,397.2
348.5,349,355.1,345.45,352.85
550.4,550.4,560,543.1,548
"1,427.20","1,420.00","1,444.75","1,418.00","1,437.00"
"1,097.75","1,102.95","1,122.00","1,085.60","1,087.00"
20.55,20.55,20.9,20.25,20.75
487.75,490.5,498.85,484.95,491.9
693.2,693.35,705.15,693.2,699
372.05,373.5,379.85,368,371.95
193.9,194.5,197.8,193.6,194.95
"1,026.50","1,026.60","1,044.00","1,026.60","1,039.00"
"1,114.35","1,119.70","1,138.65","1,088.10","1,113.80"
189.5,189.5,192.7,178.3,180.1
571.9,574.4,584,567.7,583
263.35,264.9,269.3,261.05,263.05
712.45,715.75,727.6,698.4,700
"1,504.50","1,503.00","1,527.85","1,500.50","1,515.70"
426.3,423,429.95,417,418.35
639.5,643.55,654.1,630,640
"1,829.45","1,835.00","1,864.95","1,806.00","1,840.00"
21.65,21.5,21.85,21.25,21.35
"1,300.35","1,303.00","1,324.20","1,295.15","1,305.80"
496.8,492,500,491.55,498.45
"2,026.50","2,027.00","2,059.95","2,017.00","2,047.00"
"8,732.40","8,729.95","8,870.00","8,704.15","8,833.90"
473.9,475,482.6,472,475.45
213.55,212.8,216.2,210.5,211.95
931.5,930,944.8,920.4,941.7
929.6,931,945.75,931,943.9
649.75,650.6,660.9,643.75,646.1
745.7,745.4,757.2,735.4,739
"1,340.25","1,348.70","1,370.00","1,335.60","1,350.50"
"1,000.05",954.95,970,930,936.95
"1,116.90","1,118.75","1,136.35","1,100.00","1,119.15"
749.25,749.25,761,745.9,754.9
"21,859.20","21,907.00","22,250.00","21,835.50","21,925.00"
86.9,86.35,87.7,82.9,83.6
"1,365.75","1,372.00","1,393.35","1,365.35","1,381.10"
"21,857.60","21,980.00","22,321.90","21,761.00","22,147.95"
659.65,659.65,669.9,655,663.25
506.55,520,528,517.25,520.5
179,179,181.75,176.05,177.25
281.4,280.1,284.4,278.15,279.9
"6,806.55","6,840.00","6,945.00","6,800.00","6,919.95"
505.9,506.5,514.25,502.1,509.7
315.3,314.2,319,312.55,317.05
544.5,543.6,551.9,538.55,544.1
329.85,328.5,333.5,321.5,323.5
463.8,463.7,470.7,463.65,470.5
"2,000.35","2,008.00","2,037.95","1,999.95","2,015.00"
484.6,487.6,494.8,479.25,486.05
"1,841.65","1,841.00","1,868.00","1,816.85","1,819.10"
523.95,527,534.7,521,528.95
"6,910.35","6,900.00","7,000.00","6,857.00","6,900.00"
"2,056.05","2,070.00","2,100.00","2,052.10","2,090.00"
"2,099.75","2,119.35","2,150.00","2,100.00","2,118.00"
"1,154.25","1,155.45","1,172.05","1,132.00","1,151.20"
369.8,369.7,375,368.2,370.3
"2,638.95","2,636.00","2,673.75","2,531.00","2,600.00"
20.7,21.05,21.35,20.55,20.65
890.35,890.35,902.95,875,887.1
469.6,470.3,476.95,459,466.35
407.7,408,413.75,408,412
"1,575.80","1,575.50","1,597.70","1,545.90","1,554.00"
443.75,443.75,450,443.1,447.1
782.65,783,794,775.8,780.3
"14,486.80","14,398.85","14,600.00","14,225.45","14,580.00"
"1,535.35","1,531.00","1,552.35","1,523.05","1,533.00"
507.25,509.5,516.6,506.9,510
"1,742.20","1,740.00","1,764.10","1,727.45","1,736.35"
"1,035.35","1,037.95","1,052.25","1,025.50","1,041.95"
215.2,214.75,217.7,207.15,210
193.65,194.5,197.15,193,194
658.9,662,671,648,650.3
402.5,405,410.5,403.6,407.6
"1,379.65","1,381.00","1,399.75","1,345.05","1,350.00"
"1,620.90","1,616.25","1,638.00","1,612.85","1,636.00"
525.7,528.1,535.2,524.9,529.1
509.4,508,514.8,503.3,507.25
"1,874.25","1,870.00","1,895.00","1,850.80","1,890.00"
60.45,60,60.8,59.3,59.5
741.7,739,748.8,738.9,741.85
"1,145.50","1,143.90","1,159.00","1,137.05","1,151.50"
"1,779.20","1,779.20","1,802.65","1,755.00","1,761.45"
263.45,266.2,269.7,261,264
570.7,572,579.5,568.5,574.55
"3,055.25","3,060.00","3,100.00","3,060.00","3,100.00"
510.1,513,519.7,502.05,505.2
318.25,318.25,322.4,314.4,320
300.8,303,306.95,295.25,302
"1,450.15","1,421.00","1,439.50","1,388.50","1,415.00"
179.15,180.55,182.9,177.3,179.4
345.5,346,350.5,340.5,341
"1,714.20","1,708.20","1,730.40","1,706.40","Jan 29, 2018 -"
597.8,600,607.75,592,597
550.85,550.4,557.45,540.1,542
"12,392.30","12,460.00","12,619.00","12,270.05","12,600.00"
"1,782.15","1,782.20","1,804.80","1,772.05","1,784.00"
"1,174.30","1,175.00","1,189.90","1,150.20","1,156.00"
754.9,753.8,763.25,747,752.9
361.9,363.5,368,356.05,361.35
522.45,522.5,528.95,517.65,519.1
"12,592.90","12,645.00","12,800.00","12,507.00","12,520.00"
"14,117.10","14,117.00","14,289.00","13,982.50","14,202.30"
302.95,304.1,307.8,300.55,305
"1,337.50","1,335.00","1,351.20","1,334.90","1,338.00"
746.7,745.05,754,741.75,749.25
464.8,463.4,468.95,458,466
"2,576.50","2,598.90","2,629.95","2,568.60","2,595.50"
552.85,553.2,559.8,542,542.55
"1,594.95","1,598.00","1,617.00","1,575.00","1,579.00"
587.2,593,600,570.05,581.4
"1,740.00","1,745.00","1,765.40","1,743.20","Jan 29, 2018 -"
696.4,696.15,704.2,685.2,687.2
391.55,393.7,398.25,392,395.5
942.65,943.5,954.4,943.5,949.15
507.1,506.5,512.35,498.5,512.25
473.45,472,477.45,471.3,473.25
462.75,465.1,470.45,462.85,468.6
"1,426.65","1,426.65","1,443.05","1,385.00","1,406.00"
"3,040.60","3,048.00","3,083.00","3,041.00","3,058.00"
495,498.1,503.8,491.25,499
"2,280.25","2,290.00","2,316.20","2,260.75","2,266.80"
499.85,498.75,504.45,496.65,499
570.45,571,577.5,565.6,570.1
897.85,889.9,900,870,890
800.8,803,812,792.1,800
"1,509.75","1,555.05","1,572.40","1,543.20","1,548.50"
451.2,454.5,459.5,447.85,457
"1,826.20","1,829.80","1,849.90","1,810.00","1,820.85"
451.5,455.65,460.65,450.2,458.85
"1,721.35","1,729.90","1,748.85","1,715.45","1,723.00"
171.8,174,175.9,164.65,166.5
"12,573.40","12,670.00","12,807.95","12,614.00","12,699.00"
"1,313.25","1,313.25","1,327.50","1,304.65","1,316.00"
"1,701.60","1,707.80","1,726.20","1,703.80","Jan 29, 2018 -"
485.05,486.15,491.35,483,484.95
"2,078.80","2,075.85","2,098.00","2,028.25","2,065.00"
"1,035.45","1,041.90","1,053.00","1,022.70","1,026.50"
"4,548.45","4,502.20","4,549.85","4,422.05","4,422.35"
"2,062.40","2,059.00","2,080.75","2,032.30","2,063.45"
919.6,910.6,920.15,901.15,905
549,551,556.75,538.1,550.2
936.8,940,949.8,933.15,940.1
158.9,158.8,160.45,158.25,159.8
340.15,366,369.8,339.85,361.55
439.35,448.3,452.95,433.1,437.4
"1,299.75","1,303.00","1,316.45","1,288.45","1,298.40"
763.3,761.1,768.95,752,753.95
154.75,155.4,157,151.85,153.35
"1,846.15","1,850.00","1,869.00","1,830.00","1,848.00"
390.65,390.8,394.8,385.35,386
267.1,268.7,271.45,256.45,266
"23,017.65","23,065.00","23,300.00","22,837.95","22,968.00"
"1,473.25","1,487.00","1,502.15","1,445.85","1,475.00"
"1,627.20","1,630.00","1,646.60","1,614.00","1,620.50"
469.3,467,471.75,464.3,466
205.7,206.9,209,201.95,204.45
"1,586.50","1,590.00","1,606.00","1,575.20","1,591.30"
"1,364.50","1,364.50","1,378.20","1,361.50","1,369.50"
"1,560.25","1,559.95","1,575.50","1,556.10","1,575.10"
297.85,297.05,300,293.5,297
"1,710.30","1,714.00","1,731.00","1,704.60","1,719.80"
"1,629.65","1,629.55","1,645.60","1,609.00","1,625.00"
"1,162.80","1,153.55","1,164.80","1,150.10","1,163.95"
62.05,62,62.6,60.5,60.9
"14,524.40","14,560.00","14,700.00","14,226.85","14,574.00"
166.25,167.2,168.8,161,162
358.05,361.2,364.65,358.05,359
933.05,939.9,948.8,921.9,928.75
"1,145.70","1,151.80","1,162.70","1,137.65","1,143.35"
516.9,518,522.85,502.25,507.85
530.1,525,529.9,524.2,528
"1,763.60","1,763.55","1,779.95","1,740.10","1,740.10"
"1,400.20","1,392.00","1,404.90","1,357.25","1,397.00"
936.55,940,948.7,936.1,938.65
417.25,417,420.85,415.2,418
"1,380.80","1,405.00","1,417.90","1,385.00","1,392.50"
306.85,305.05,307.85,304.5,307
653.3,653,658.95,624,628.15
"12,578.95","12,635.00","12,749.95","12,351.60","12,400.00"
"1,581.20","1,589.95","1,604.40","1,570.05","1,578.00"
"1,470.85","1,472.65","1,486.00","1,455.40","1,460.05"
"4,399.40","4,410.05","4,450.00","4,301.15","4,301.15"
506.15,508.4,513,503.2,505
"22,180.20","22,300.00","22,500.00","21,727.50","21,900.00"
660.5,663.8,669.7,638,661.8
551.55,552,556.9,542.35,545.15
203.6,203.8,205.6,200.1,200.15
"1,546.50","1,551.15","1,564.80","1,551.00","1,562.00"
"1,474.25","1,481.00","1,493.90","1,465.70","1,487.00"
403.5,402.95,406.45,397.85,399.2
"8,992.90","8,992.90","9,070.95","8,901.40","8,962.10"
692.25,695,701,686.5,691.6
317.4,318.75,321.5,309,309.5
"1,592.25","1,591.30","1,605.00","1,580.00","1,588.00"
348.3,349,352,335,342
128.25,128.6,129.7,126.6,128.6
"2,069.30","2,080.00","2,097.70","1,980.00","2,004.00"
"1,638.55","1,636.00","1,649.90","1,617.00","1,645.00"
935.85,943,951,933,949.65
"2,091.00","2,100.00","2,117.80","2,056.00","2,070.00"
"23,473.60","23,500.00","23,699.00","22,959.90","23,044.65"
94.05,94.7,95.5,92.55,94.6
417.05,410,413.45,397.2,401.95
"1,157.25","1,159.00","1,168.75","1,135.00","1,150.00"
505.1,506.4,510.65,501.55,503.3
"1,686.00","1,687.10","1,701.20","1,677.20","1,684.00"
567.1,562.65,567.35,538,541.35
"1,818.75","1,824.80","1,840.00","1,817.00","1,837.20"
713,715.5,721.45,710.5,712.15
468.8,470,473.9,462.4,463.75
360.75,361.7,364.7,359.25,359.25
"6,951.35","6,941.00","6,998.45","6,860.00","6,913.00"
"1,348.10","1,344.60","1,355.70","1,334.00","1,336.80"
"1,105.90","1,105.90","1,115.00","1,095.00","1,099.00"
496.45,498.45,502.55,495,498
"1,164.05","1,165.75","1,175.25","1,158.00","1,163.80"
"12,696.85","12,740.00","12,843.75","12,500.00","12,580.10"
498.35,497.95,502,489.85,494.3
557.55,560,564.55,551,557
371.1,370,373,369.1,370
432.35,433.5,437,426.4,435.55
"1,465.65","1,475.00","1,486.90","1,454.45","1,456.20"
"1,002.85","1,004.90","1,013.00",996,999
249.3,249.3,251.3,246.7,250.7
"1,521.60","1,530.00","1,542.15","1,462.15","1,468.00"
"1,160.20","1,159.80","1,169.00","1,156.50","1,168.00"
380.75,383.4,386.4,376,378.5
"14,179.45","14,190.00","14,300.95","14,102.00","14,150.00"
371.6,374.1,377,363.1,370.95
329.15,331,333.55,325.6,329
32.6,32.55,32.8,32.05,32.05
360.85,360,362.75,358.4,360.05
"6,946.95","6,946.95","7,000.00","6,908.00","6,916.00"
"1,378.65","1,378.50","1,389.00","1,371.10","1,384.40"
"1,360.80","1,368.00","1,378.40","1,329.00","1,341.00"
365,369,371.8,359.25,360.3
32.9,33,33.25,32,32.1
205.5,204.75,206.3,200.1,202
"2,057.70","2,059.80","2,075.35","2,038.00","2,059.30"
"8,846.05","8,846.50","8,912.90","8,745.90","8,858.95"
301.75,300.25,302.5,297,298.05
"2,272.50","2,273.00","2,290.00","2,161.05","2,165.00"
93,93.7,94.4,84.8,85.75
"1,335.50","1,344.00","1,354.00","1,327.20","1,350.20"
"8,842.85","8,842.00","8,907.50","8,753.45","8,830.65"
"1,121.40","1,121.40","1,129.70","1,093.95","1,110.00"
"1,747.70","1,750.50","1,763.45","1,720.45","1,729.00"
"1,569.85","1,572.65","1,584.15","1,563.95","1,582.00"
"14,085.55","14,110.00","14,211.90","14,009.60","14,100.00"
"1,105.20","1,109.90","1,117.90","1,088.35","1,100.60"
159.85,159.7,160.85,156.2,158.8
"2,083.55","2,085.00","2,100.00","2,055.40","2,091.65"
360.2,362.4,365,357.05,360.5
"1,547.65","1,545.00","1,556.00","1,528.55","1,540.50"
"1,403.25","1,405.00","1,415.00","1,394.00","1,402.00"
703.9,705,710,699.3,709.9
685.2,689,693.85,679.4,685.5
247.75,248.65,250.4,247.7,249
"1,514.25","1,523.70","1,534.30","1,467.05","1,474.00"
"1,113.65","1,111.00","1,118.70","1,092.60","1,094.25"
"1,374.10","1,374.55","1,384.00","1,331.00","1,356.00"
"1,716.40","1,718.00","1,729.80","1,700.80","Jan 29, 2018 -"
533.35,539,542.7,530.5,533.8
"1,165.95","1,169.00","1,177.00","1,164.65","1,176.70"
"1,837.65","1,836.00","1,848.50","1,756.00","1,803.10"
889.7,893,899,875,883
344,344.05,346.35,337,337.5
"6,924.75","6,924.75","6,971.00","6,840.95","6,941.00"
127.9,135,135.9,128.2,130
"1,425.75","1,440.00","1,449.60","1,417.50","1,426.80"
"1,759.05","1,766.50","1,778.25","1,719.40","1,739.00"
"1,760.60","1,751.20","1,762.80","1,747.83","Jan 29, 2018 -"
503.2,506.7,510,501,504.45
551.25,552.9,556.5,546.4,552.9
775.05,780,785.05,770.05,770.05
"3,022.65","3,025.50","3,045.00","3,004.30","3,043.00"
"1,115.95","1,127.70","1,134.95","1,102.00","1,122.15"
670.6,672,676.3,650.1,651.8
"1,710.70","1,718.00","1,728.85","1,687.60","1,719.10"
"1,434.85","1,434.85","1,443.90","1,408.00","1,416.00"
469.55,469,471.95,461,466.45
319.9,319,321,315.7,316.75
"1,151.85","1,145.75","1,152.90","1,114.35","1,116.30"
474.1,474.05,477,471,471.55
32.35,32.15,32.35,29.7,31.65
475.05,475.05,478,469.05,472.25
"1,305.60","1,313.70","1,321.80","1,306.00","1,313.50"
481.55,480,482.95,472,476
130.7,131,131.8,129.1,130.7
131.3,131,131.8,125.5,126
695.75,699.1,703.35,694.05,701.45
"2,312.65","2,314.90","2,328.85","2,251.00","2,267.75"
543.5,548.4,551.7,511.6,515.8
490.05,492,494.95,478,485.5
346.65,344.6,346.65,342,343.5
"1,623.85","1,624.00","1,633.65","1,600.00","1,618.00"
571.1,572.65,576.05,550,555.4
490.7,490.9,493.8,483.2,485.25
93.25,93.2,93.75,92.15,93
160.2,161.05,162,158.25,159.45
"1,699.80","1,708.20","1,718.20","1,690.00","Jan 29, 2018 -"
"1,727.00","1,730.00","1,740.00","1,715.60","Jan 29, 2018 -"
705.2,709.9,714,705,712.8
60.9,61.05,61.4,60.1,60.35
"2,548.15","2,549.90","2,564.40","2,524.00","2,526.15"
493.5,495.2,498,492.5,494.85
310.7,310.9,312.65,299,302.55
168.9,169.9,170.85,165.7,166.1
304.75,305.7,307.4,293.15,294.65
"3,140.90","3,140.90","3,158.35","3,110.00","3,124.50"
544.3,544,547,527,538
"1,460.00","1,460.00","1,468.00","1,422.20","1,428.15"
"1,715.35","1,718.25","1,727.55","1,701.75","1,717.00"
560.45,561,564,555,562.25
"1,561.55","1,568.10","1,576.35","1,556.00","1,561.20"
929,934,938.9,921.1,927
362.3,364,365.9,358.05,363.05
"1,578.90","1,581.65","1,589.80","1,535.90","1,551.00"
193.85,194.75,195.75,193,193.5
570.25,574.85,577.8,562.25,575
"1,175.40","1,176.00","1,182.00","1,170.05","1,178.00"
793.8,794,798.05,780,782
451.75,459.5,461.8,449.05,457
"1,357.45","1,365.00","1,371.70","1,342.00","1,357.70"
690.6,694.25,697.65,690.1,696.15
"1,735.95","1,738.00","1,746.50","1,717.45","1,730.00"
161.95,163.7,164.5,162.15,163.2
"2,591.20","2,607.30","2,619.95","2,553.00","2,582.00"
206.5,207,208,201.55,203.85
"3,120.35","3,120.00","3,135.00","3,060.00","3,110.00"
93.5,94,94.45,91.6,93.4
487.3,489.75,492.05,483.85,489.5
451.4,445,447,429.9,433.2
"1,044.80","1,050.80","1,055.45","1,029.20","1,035.10"
"3,195.55","3,203.00","3,217.15","3,126.00","3,142.10"
"1,174.80","1,179.70","1,184.90","1,141.20","1,147.60"
"14,562.70","14,635.50","14,700.00","14,574.00","14,699.00"
"1,575.20","1,575.00","1,581.85","1,541.00","1,550.00"
"1,837.25","1,840.00","1,848.00","1,817.00","1,840.90"
"2,037.75","2,044.00","2,052.85","2,017.05","2,026.00"
"8,812.55","8,811.95","8,850.00","8,685.00","8,730.95"
949.45,951.95,956,927,938
355.35,354.3,355.8,346.9,348
"1,642.70","1,645.00","1,651.95","1,626.80","1,645.75"
647.9,646.05,648.75,636.75,646
"1,377.65","1,388.00","1,393.80","1,361.25","1,363.35"
"1,701.75","1,701.00","1,708.00","1,680.65","1,685.60"
540.55,540,542.2,533,533
"2,188.95","2,206.00","2,214.90","2,152.50","2,195.00"
"1,723.50","1,727.90","1,734.85","1,711.00","1,719.00"
485.2,485.5,487.45,478.05,481
"1,731.40","1,732.00","1,738.90","1,698.60","1,706.10"
"1,542.25","1,539.40","1,545.50","1,508.10","1,509.00"
530.4,531.9,534,520,525
"1,683.95","1,685.00","1,691.45","1,632.45","1,638.00"
510.7,513.9,515.85,504.3,506.75
"1,548.65","1,558.25","1,564.10","1,530.50","1,533.10"
"1,392.70","1,393.75","1,398.95","1,371.00","1,377.80"
269.2,270.95,271.95,265.1,268.4
"1,363.00","1,365.00","1,370.00","1,314.15","1,339.10"
496.85,496.9,498.7,491,492.55
589.25,591.8,593.9,581.25,585.75
"6,910.00","6,930.20","6,954.60","6,752.55","6,820.00"
"21,907.65","22,044.50","22,120.00","21,319.75","21,411.65"
"1,474.65","1,480.00","1,485.00","1,471.35","1,479.50"
708.2,703,705.35,690.4,696.7
"1,713.80","1,719.00","1,724.59","1,707.60","Jan 29, 2018 -"
514.1,513.8,515.45,505.5,508.6
698.1,705,707.25,686,692.6
"3,072.65","3,062.25","3,072.00","3,016.15","3,025.00"
939.7,942.45,945.45,916,929.95
250.65,251.45,252.25,248.75,250.6
503.3,503.3,504.9,497.3,499.6
"1,696.60","1,709.60","1,715.00","1,691.80","Jan 29, 2018 -"
712.85,712.8,715,705,713
325.4,325.85,326.85,316.5,319
201.15,202,202.6,196.25,198.45
"1,328.10","1,330.55","1,334.50","1,296.00","1,297.85"
385.25,384.95,386.05,381.1,386.05
"1,493.90","1,479.80","1,484.00","1,448.00","1,478.20"
"14,228.65","14,240.00","14,280.15","14,121.10","14,180.00"
520.65,520.7,522.15,503.3,504.4
307.1,306.55,307.4,300,302
544.8,541,542.5,530.5,533.3
"1,353.25","1,355.55","1,359.30","1,335.10","1,338.20"
507.4,509,510.4,494.4,495.95
"1,760.70","1,760.70","1,765.45","1,734.50","1,742.00"
"1,316.65","1,319.45","1,322.95","1,301.00","1,306.85"
358.35,358.85,359.8,353.55,356.8
377.6,378.5,379.5,370.05,371.9
246.95,247.3,247.95,245.65,246.7
"1,493.90","1,484.00","1,487.90","1,470.10","1,477.10"
247.65,247.75,248.4,246.25,247.8
539.55,542.95,544.35,506.6,508.5
"1,186.65","1,187.00","1,190.05","1,161.00","1,165.00"
461.7,461.7,462.85,452.2,455.1
"1,162.75","1,169.70","1,172.60","1,116.70","1,167.90"
548.7,546.2,547.55,536.85,538
687.1,690.45,692.15,682.05,685
521.75,520.65,521.9,513.5,520.7
21.3,21.3,21.35,20.55,20.8
"1,543.20","1,548.00","1,551.60","1,524.10","1,536.05"
"1,720.35","1,710.00","1,713.95","1,676.00","1,682.80"
"4,431.10","4,425.00","4,435.00","4,354.30","4,432.00"
597.6,598.1,599.4,582.75,585.05
803.55,807,808.75,789,797
370.7,372,372.75,365,368
533.95,533.95,535,522.05,525.15
507.1,509,510,495.1,499.25
"8,817.30","8,788.05","8,805.00","8,711.00","8,775.00"
527.95,533,534,523.5,529
"12,815.40","12,876.00","12,899.95","12,650.00","12,765.00"
"1,641.20","1,647.00","1,650.05","1,620.15","1,623.85"
388.55,388.3,389,383,384.2
559.25,559,560,545,550
"1,456.30","1,465.40","1,468.00","1,443.55","1,445.00"
464.25,464.1,464.9,457.05,463.8
"1,747.05","1,745.00","1,748.00","1,717.35","1,736.00"
"1,512.05","1,515.00","1,517.60","1,480.05","1,502.30"
511.45,511.45,512.3,499.7,506
455.1,455.9,456.65,448.6,456.5
"1,178.90","1,178.55","1,180.45","1,165.00","1,165.00"
314.7,315,315.5,311.15,313.7
317.05,317.5,318,310.05,314.35
"2,048.65","2,050.00","2,053.20","2,008.00","2,030.80"
32.2,32.65,32.7,32,32.15
506.9,509.4,510.1,490.6,491.5
498.25,501.1,501.75,492.15,497.65
194.6,195,195.25,189,190.25
"1,098.70","1,102.95","1,104.35","1,072.20","1,076.90"
958.95,964,965.2,943.2,946.1
249.15,249.75,250.05,246.6,246.65
311.95,314,314.35,305.55,306.7
584.95,588,588.65,575,576.75
"1,042.20","1,044.00","1,045.00","1,009.20","1,018.00"
643.55,646.35,646.95,628.15,632
"2,190.10","2,199.95","2,201.95","2,133.50","2,169.00"
345.95,348,348.3,339.5,346.5
350.45,350.95,351.25,344,346.1
"1,591.15","1,589.40","1,590.75","1,553.05","1,565.00"
"1,305.25","1,305.00","1,306.00","1,288.00","1,303.30"
160.55,161,161.1,157.6,160.4
"1,811.35","1,824.00","1,825.00","1,787.70","1,792.05"
"1,543.15","1,543.20","1,544.00","1,470.30","1,494.60"
"1,380.85","1,379.35","1,380.00","1,359.55","1,364.00"
"1,602.30","1,609.75","1,610.35","1,572.00","1,601.05"
713.25,711.75,712,685.1,692.95
652.25,651.8,652,639.2,646.6
194.4,194.75,194.8,192.5,193.5
"1,224.75","1,224.75","1,225.05","1,125.55","1,151.00"
476.55,479.9,480,469.4,475
250.75,251.75,251.8,248.8,249.25
"2,093.25","2,097.95","2,098.35","2,067.00","2,081.80"
299.9,299.85,299.9,293.2,296.5
"1,297.90","1,305.90","1,306.10","1,278.00","1,300.00"
"1,739.00","1,747.95","1,748.00","1,718.50","1,723.00"
"12,785.15","12,898.00","12,898.00","12,490.70","12,521.00"
"2,117.05","2,120.25","2,120.25","2,061.55","2,094.00"
753,750,750,737.15,745.7
817.55,830,830,796.1,810
"1,150.05","1,152.45","1,152.45","1,110.00","1,111.85"
437.3,442.5,442.5,422.2,426.85
544.6,549,549,511,512.1
"3,116.30","3,113.00","3,113.00","3,061.65","3,065.00"
475.3,475.3,475.3,467.25,468.7
"1,870.85","1,871.00","1,871.00","1,805.00","1,822.95"
797.3,805,805,781,784
577.5,574.95,574.95,567.5,570.3
"2,056.20","2,060.05","2,060.05","2,030.00","2,039.00"
423.25,424.5,424.5,413,417
314.15,319.6,319.6,305,308
250.7,251.4,251.4,245.05,245.65
94.55,94.85,94.85,92.6,93.5
"1,622.75","1,622.75","1,622.75","1,579.20","1,587.50"
532.05,516.3,516.3,492.75,495.9
"1,648.30","1,666.85","1,666.85","1,585.15","1,590.00"
"2,727.25","2,726.20","2,726.20","2,580.00","2,636.00"
33.6,34.55,34.55,32.05,32.9
"14,295.55","14,349.90","14,349.90","14,059.05","14,112.05"
"23,047.55","23,004.00","23,004.00","22,050.00","22,199.05"
"1,449.05","1,454.00","1,454.00","1,414.45","1,428.00"
357.8,359.45,359.45,347.65,351.9
68.5,69.5,69.5,63.5,63.85
397.75,399.9,399.9,382,390
449,453.3,453.3,440.35,443
506.15,508.8,508.8,491.1,495
357.55,359,359,345.2,346
"2,280.85","2,316.80","2,316.80","2,255.55","2,278.05"
64.05,63.5,63.5,60.75,60.75
20.7,20.8,20.8,20.15,20.6
499.55,501.9,501.9,493.6,498
905,914.75,914.75,880.05,885
571,575,575,566,570.25
"1,428.65","1,437.00","1,437.00","1,393.05","1,399.00"
161.85,162.4,162.4,158.85,160.5
"1,166.60","1,174.90","1,174.90","1,153.50","1,154.10"
817,822,822,796,800
496.8,497.5,497.5,470,475
"2,169.25","2,182.80","2,182.80","1,990.00","2,062.00"
"1,401.00","1,409.75","1,409.75","1,391.10","1,400.00"
459.9,468,468,449.1,461.5
825.4,829.45,829.45,799,804
473.85,478,478,470.1,473.9
938.35,942,942,918,936.6
"1,149.80","1,165.00","1,165.00","1,148.00","1,155.00"
376.95,381,381,363.55,368
506,508,508,501.35,508
"1,605.95","1,615.95","1,615.95","1,575.05","1,590.00"
"4,408.70","4,445.70","4,445.70","4,330.15","4,360.00"
170.1,171.8,171.8,163.1,166.05
564.75,573.95,573.95,560,561.2
"3,091.10","3,110.40","3,110.40","3,060.00","3,093.95"
931.4,935.8,935.8,917.05,918
